Subject,Start Date,Start Time,End Date, End Time, All Day Event
Mark 马可福音 chapter 1,01/02/2017,9:30 PM,01/02/2017,10:15 PM,False
Mark 马可福音 chapter 2,01/03/2017,9:30 PM,01/03/2017,10:15 PM,False
Mark 马可福音 chapter 3,01/04/2017,9:30 PM,01/04/2017,10:15 PM,False
Mark 马可福音 chapter 4,01/05/2017,9:30 PM,01/05/2017,10:15 PM,False
Mark 马可福音 chapter 5,01/06/2017,9:30 PM,01/06/2017,10:15 PM,False
Bible study reflection,01/07/2017,9:30 PM,01/07/2017,10:15 PM,False
Bible study reflection,01/08/2017,9:30 PM,01/08/2017,10:15 PM,False
Mark 马可福音 chapter 6,01/09/2017,9:30 PM,01/09/2017,10:15 PM,False
Mark 马可福音 chapter 7,01/10/2017,9:30 PM,01/10/2017,10:15 PM,False
Mark 马可福音 chapter 8,01/11/2017,9:30 PM,01/11/2017,10:15 PM,False
Mark 马可福音 chapter 9,01/12/2017,9:30 PM,01/12/2017,10:15 PM,False
Mark 马可福音 chapter 10,01/13/2017,9:30 PM,01/13/2017,10:15 PM,False
Bible study reflection,01/14/2017,9:30 PM,01/14/2017,10:15 PM,False
Bible study reflection,01/15/2017,9:30 PM,01/15/2017,10:15 PM,False
Mark 马可福音 chapter 11,01/16/2017,9:30 PM,01/16/2017,10:15 PM,False
Mark 马可福音 chapter 12,01/17/2017,9:30 PM,01/17/2017,10:15 PM,False
Mark 马可福音 chapter 13,01/18/2017,9:30 PM,01/18/2017,10:15 PM,False
Mark 马可福音 chapter 14,01/19/2017,9:30 PM,01/19/2017,10:15 PM,False
Mark 马可福音 chapter 15,01/20/2017,9:30 PM,01/20/2017,10:15 PM,False
Bible study reflection,01/21/2017,9:30 PM,01/21/2017,10:15 PM,False
Bible study reflection,01/22/2017,9:30 PM,01/22/2017,10:15 PM,False
Mark 马可福音 chapter 16,01/23/2017,9:30 PM,01/23/2017,10:15 PM,False
Acts 使徒行传 chapter 1,01/24/2017,9:30 PM,01/24/2017,10:15 PM,False
Acts 使徒行传 chapter 2,01/25/2017,9:30 PM,01/25/2017,10:15 PM,False
Acts 使徒行传 chapter 3,01/26/2017,9:30 PM,01/26/2017,10:15 PM,False
Acts 使徒行传 chapter 4,01/27/2017,9:30 PM,01/27/2017,10:15 PM,False
Bible study reflection,01/28/2017,9:30 PM,01/28/2017,10:15 PM,False
Bible study reflection,01/29/2017,9:30 PM,01/29/2017,10:15 PM,False
Acts 使徒行传 chapter 5,01/30/2017,9:30 PM,01/30/2017,10:15 PM,False
Acts 使徒行传 chapter 6,01/31/2017,9:30 PM,01/31/2017,10:15 PM,False
Acts 使徒行传 chapter 7,02/01/2017,9:30 PM,02/01/2017,10:15 PM,False
Acts 使徒行传 chapter 8,02/02/2017,9:30 PM,02/02/2017,10:15 PM,False
Acts 使徒行传 chapter 9,02/03/2017,9:30 PM,02/03/2017,10:15 PM,False
Bible study reflection,02/04/2017,9:30 PM,02/04/2017,10:15 PM,False
Bible study reflection,02/05/2017,9:30 PM,02/05/2017,10:15 PM,False
Acts 使徒行传 chapter 10,02/06/2017,9:30 PM,02/06/2017,10:15 PM,False
Acts 使徒行传 chapter 11,02/07/2017,9:30 PM,02/07/2017,10:15 PM,False
Acts 使徒行传 chapter 12,02/08/2017,9:30 PM,02/08/2017,10:15 PM,False
Acts 使徒行传 chapter 13,02/09/2017,9:30 PM,02/09/2017,10:15 PM,False
Acts 使徒行传 chapter 14,02/10/2017,9:30 PM,02/10/2017,10:15 PM,False
Bible study reflection,02/11/2017,9:30 PM,02/11/2017,10:15 PM,False
Bible study reflection,02/12/2017,9:30 PM,02/12/2017,10:15 PM,False
Acts 使徒行传 chapter 15,02/13/2017,9:30 PM,02/13/2017,10:15 PM,False
Acts 使徒行传 chapter 16,02/14/2017,9:30 PM,02/14/2017,10:15 PM,False
Acts 使徒行传 chapter 17,02/15/2017,9:30 PM,02/15/2017,10:15 PM,False
Acts 使徒行传 chapter 18,02/16/2017,9:30 PM,02/16/2017,10:15 PM,False
Acts 使徒行传 chapter 19,02/17/2017,9:30 PM,02/17/2017,10:15 PM,False
Bible study reflection,02/18/2017,9:30 PM,02/18/2017,10:15 PM,False
Bible study reflection,02/19/2017,9:30 PM,02/19/2017,10:15 PM,False
Acts 使徒行传 chapter 20,02/20/2017,9:30 PM,02/20/2017,10:15 PM,False
Acts 使徒行传 chapter 21,02/21/2017,9:30 PM,02/21/2017,10:15 PM,False
Acts 使徒行传 chapter 22,02/22/2017,9:30 PM,02/22/2017,10:15 PM,False
Acts 使徒行传 chapter 23,02/23/2017,9:30 PM,02/23/2017,10:15 PM,False
Acts 使徒行传 chapter 24,02/24/2017,9:30 PM,02/24/2017,10:15 PM,False
Bible study reflection,02/25/2017,9:30 PM,02/25/2017,10:15 PM,False
Bible study reflection,02/26/2017,9:30 PM,02/26/2017,10:15 PM,False
Acts 使徒行传 chapter 25,02/27/2017,9:30 PM,02/27/2017,10:15 PM,False
Acts 使徒行传 chapter 26,02/28/2017,9:30 PM,02/28/2017,10:15 PM,False
Acts 使徒行传 chapter 27,03/01/2017,9:30 PM,03/01/2017,10:15 PM,False
Acts 使徒行传 chapter 28,03/02/2017,9:30 PM,03/02/2017,10:15 PM,False
Hebrews 希伯来书 chapter 1,03/03/2017,9:30 PM,03/03/2017,10:15 PM,False
Bible study reflection,03/04/2017,9:30 PM,03/04/2017,10:15 PM,False
Bible study reflection,03/05/2017,9:30 PM,03/05/2017,10:15 PM,False
Hebrews 希伯来书 chapter 2,03/06/2017,9:30 PM,03/06/2017,10:15 PM,False
Hebrews 希伯来书 chapter 3,03/07/2017,9:30 PM,03/07/2017,10:15 PM,False
Hebrews 希伯来书 chapter 4,03/08/2017,9:30 PM,03/08/2017,10:15 PM,False
Hebrews 希伯来书 chapter 5,03/09/2017,9:30 PM,03/09/2017,10:15 PM,False
Hebrews 希伯来书 chapter 6,03/10/2017,9:30 PM,03/10/2017,10:15 PM,False
Bible study reflection,03/11/2017,9:30 PM,03/11/2017,10:15 PM,False
Bible study reflection,03/12/2017,9:30 PM,03/12/2017,10:15 PM,False
Hebrews 希伯来书 chapter 7,03/13/2017,9:30 PM,03/13/2017,10:15 PM,False
Hebrews 希伯来书 chapter 8,03/14/2017,9:30 PM,03/14/2017,10:15 PM,False
Hebrews 希伯来书 chapter 9,03/15/2017,9:30 PM,03/15/2017,10:15 PM,False
Hebrews 希伯来书 chapter 10,03/16/2017,9:30 PM,03/16/2017,10:15 PM,False
Hebrews 希伯来书 chapter 11,03/17/2017,9:30 PM,03/17/2017,10:15 PM,False
Bible study reflection,03/18/2017,9:30 PM,03/18/2017,10:15 PM,False
Bible study reflection,03/19/2017,9:30 PM,03/19/2017,10:15 PM,False
Hebrews 希伯来书 chapter 12,03/20/2017,9:30 PM,03/20/2017,10:15 PM,False
Hebrews 希伯来书 chapter 13,03/21/2017,9:30 PM,03/21/2017,10:15 PM,False
Galatians 加拉太书 chapter 1,03/22/2017,9:30 PM,03/22/2017,10:15 PM,False
Galatians 加拉太书 chapter 2,03/23/2017,9:30 PM,03/23/2017,10:15 PM,False
Galatians 加拉太书 chapter 3,03/24/2017,9:30 PM,03/24/2017,10:15 PM,False
Bible study reflection,03/25/2017,9:30 PM,03/25/2017,10:15 PM,False
Bible study reflection,03/26/2017,9:30 PM,03/26/2017,10:15 PM,False
Galatians 加拉太书 chapter 4,03/27/2017,9:30 PM,03/27/2017,10:15 PM,False
Galatians 加拉太书 chapter 5,03/28/2017,9:30 PM,03/28/2017,10:15 PM,False
Galatians 加拉太书 chapter 6,03/29/2017,9:30 PM,03/29/2017,10:15 PM,False
James 雅各书 chapter 1,03/30/2017,9:30 PM,03/30/2017,10:15 PM,False
James 雅各书 chapter 2,03/31/2017,9:30 PM,03/31/2017,10:15 PM,False
Bible study reflection,04/01/2017,9:30 PM,04/01/2017,10:15 PM,False
Bible study reflection,04/02/2017,9:30 PM,04/02/2017,10:15 PM,False
James 雅各书 chapter 3,04/03/2017,9:30 PM,04/03/2017,10:15 PM,False
James 雅各书 chapter 4,04/04/2017,9:30 PM,04/04/2017,10:15 PM,False
James 雅各书 chapter 5,04/05/2017,9:30 PM,04/05/2017,10:15 PM,False
Matthew 马太福音 chapter 1,04/06/2017,9:30 PM,04/06/2017,10:15 PM,False
Matthew 马太福音 chapter 2,04/07/2017,9:30 PM,04/07/2017,10:15 PM,False
Bible study reflection,04/08/2017,9:30 PM,04/08/2017,10:15 PM,False
Bible study reflection,04/09/2017,9:30 PM,04/09/2017,10:15 PM,False
Matthew 马太福音 chapter 3,04/10/2017,9:30 PM,04/10/2017,10:15 PM,False
Matthew 马太福音 chapter 4,04/11/2017,9:30 PM,04/11/2017,10:15 PM,False
Matthew 马太福音 chapter 5,04/12/2017,9:30 PM,04/12/2017,10:15 PM,False
Matthew 马太福音 chapter 6,04/13/2017,9:30 PM,04/13/2017,10:15 PM,False
Matthew 马太福音 chapter 7,04/14/2017,9:30 PM,04/14/2017,10:15 PM,False
Bible study reflection,04/15/2017,9:30 PM,04/15/2017,10:15 PM,False
Bible study reflection,04/16/2017,9:30 PM,04/16/2017,10:15 PM,False
Matthew 马太福音 chapter 8,04/17/2017,9:30 PM,04/17/2017,10:15 PM,False
Matthew 马太福音 chapter 9,04/18/2017,9:30 PM,04/18/2017,10:15 PM,False
Matthew 马太福音 chapter 10,04/19/2017,9:30 PM,04/19/2017,10:15 PM,False
Matthew 马太福音 chapter 11,04/20/2017,9:30 PM,04/20/2017,10:15 PM,False
Matthew 马太福音 chapter 12,04/21/2017,9:30 PM,04/21/2017,10:15 PM,False
Bible study reflection,04/22/2017,9:30 PM,04/22/2017,10:15 PM,False
Bible study reflection,04/23/2017,9:30 PM,04/23/2017,10:15 PM,False
Matthew 马太福音 chapter 13,04/24/2017,9:30 PM,04/24/2017,10:15 PM,False
Matthew 马太福音 chapter 14,04/25/2017,9:30 PM,04/25/2017,10:15 PM,False
Matthew 马太福音 chapter 15,04/26/2017,9:30 PM,04/26/2017,10:15 PM,False
Matthew 马太福音 chapter 16,04/27/2017,9:30 PM,04/27/2017,10:15 PM,False
Matthew 马太福音 chapter 17,04/28/2017,9:30 PM,04/28/2017,10:15 PM,False
Bible study reflection,04/29/2017,9:30 PM,04/29/2017,10:15 PM,False
Bible study reflection,04/30/2017,9:30 PM,04/30/2017,10:15 PM,False
Matthew 马太福音 chapter 18,05/01/2017,9:30 PM,05/01/2017,10:15 PM,False
Matthew 马太福音 chapter 19,05/02/2017,9:30 PM,05/02/2017,10:15 PM,False
Matthew 马太福音 chapter 20,05/03/2017,9:30 PM,05/03/2017,10:15 PM,False
Matthew 马太福音 chapter 21,05/04/2017,9:30 PM,05/04/2017,10:15 PM,False
Matthew 马太福音 chapter 22,05/05/2017,9:30 PM,05/05/2017,10:15 PM,False
Bible study reflection,05/06/2017,9:30 PM,05/06/2017,10:15 PM,False
Bible study reflection,05/07/2017,9:30 PM,05/07/2017,10:15 PM,False
Matthew 马太福音 chapter 23,05/08/2017,9:30 PM,05/08/2017,10:15 PM,False
Matthew 马太福音 chapter 24,05/09/2017,9:30 PM,05/09/2017,10:15 PM,False
Matthew 马太福音 chapter 25,05/10/2017,9:30 PM,05/10/2017,10:15 PM,False
Matthew 马太福音 chapter 26,05/11/2017,9:30 PM,05/11/2017,10:15 PM,False
Matthew 马太福音 chapter 27,05/12/2017,9:30 PM,05/12/2017,10:15 PM,False
Bible study reflection,05/13/2017,9:30 PM,05/13/2017,10:15 PM,False
Bible study reflection,05/14/2017,9:30 PM,05/14/2017,10:15 PM,False
Matthew 马太福音 chapter 28,05/15/2017,9:30 PM,05/15/2017,10:15 PM,False
Romans 罗马书 chapter 1,05/16/2017,9:30 PM,05/16/2017,10:15 PM,False
Romans 罗马书 chapter 2,05/17/2017,9:30 PM,05/17/2017,10:15 PM,False
Romans 罗马书 chapter 3,05/18/2017,9:30 PM,05/18/2017,10:15 PM,False
Romans 罗马书 chapter 4,05/19/2017,9:30 PM,05/19/2017,10:15 PM,False
Bible study reflection,05/20/2017,9:30 PM,05/20/2017,10:15 PM,False
Bible study reflection,05/21/2017,9:30 PM,05/21/2017,10:15 PM,False
Romans 罗马书 chapter 5,05/22/2017,9:30 PM,05/22/2017,10:15 PM,False
Romans 罗马书 chapter 6,05/23/2017,9:30 PM,05/23/2017,10:15 PM,False
Romans 罗马书 chapter 7,05/24/2017,9:30 PM,05/24/2017,10:15 PM,False
Romans 罗马书 chapter 8,05/25/2017,9:30 PM,05/25/2017,10:15 PM,False
Romans 罗马书 chapter 9,05/26/2017,9:30 PM,05/26/2017,10:15 PM,False
Bible study reflection,05/27/2017,9:30 PM,05/27/2017,10:15 PM,False
Bible study reflection,05/28/2017,9:30 PM,05/28/2017,10:15 PM,False
Romans 罗马书 chapter 10,05/29/2017,9:30 PM,05/29/2017,10:15 PM,False
Romans 罗马书 chapter 11,05/30/2017,9:30 PM,05/30/2017,10:15 PM,False
Romans 罗马书 chapter 12,05/31/2017,9:30 PM,05/31/2017,10:15 PM,False
Romans 罗马书 chapter 13,06/01/2017,9:30 PM,06/01/2017,10:15 PM,False
Romans 罗马书 chapter 14,06/02/2017,9:30 PM,06/02/2017,10:15 PM,False
Bible study reflection,06/03/2017,9:30 PM,06/03/2017,10:15 PM,False
Bible study reflection,06/04/2017,9:30 PM,06/04/2017,10:15 PM,False
Romans 罗马书 chapter 15,06/05/2017,9:30 PM,06/05/2017,10:15 PM,False
Romans 罗马书 chapter 16,06/06/2017,9:30 PM,06/06/2017,10:15 PM,False
Ephesians 以弗所书 chapter 1,06/07/2017,9:30 PM,06/07/2017,10:15 PM,False
Ephesians 以弗所书 chapter 2,06/08/2017,9:30 PM,06/08/2017,10:15 PM,False
Ephesians 以弗所书 chapter 3,06/09/2017,9:30 PM,06/09/2017,10:15 PM,False
Bible study reflection,06/10/2017,9:30 PM,06/10/2017,10:15 PM,False
Bible study reflection,06/11/2017,9:30 PM,06/11/2017,10:15 PM,False
Ephesians 以弗所书 chapter 4,06/12/2017,9:30 PM,06/12/2017,10:15 PM,False
Ephesians 以弗所书 chapter 5,06/13/2017,9:30 PM,06/13/2017,10:15 PM,False
Ephesians 以弗所书 chapter 6,06/14/2017,9:30 PM,06/14/2017,10:15 PM,False
Philippians 腓立比书 chapter 1,06/15/2017,9:30 PM,06/15/2017,10:15 PM,False
Philippians 腓立比书 chapter 2,06/16/2017,9:30 PM,06/16/2017,10:15 PM,False
Bible study reflection,06/17/2017,9:30 PM,06/17/2017,10:15 PM,False
Bible study reflection,06/18/2017,9:30 PM,06/18/2017,10:15 PM,False
Philippians 腓立比书 chapter 3,06/19/2017,9:30 PM,06/19/2017,10:15 PM,False
Philippians 腓立比书 chapter 4,06/20/2017,9:30 PM,06/20/2017,10:15 PM,False
Colossians 歌罗西书 chapter 1,06/21/2017,9:30 PM,06/21/2017,10:15 PM,False
Colossians 歌罗西书 chapter 2,06/22/2017,9:30 PM,06/22/2017,10:15 PM,False
Colossians 歌罗西书 chapter 3,06/23/2017,9:30 PM,06/23/2017,10:15 PM,False
Bible study reflection,06/24/2017,9:30 PM,06/24/2017,10:15 PM,False
Bible study reflection,06/25/2017,9:30 PM,06/25/2017,10:15 PM,False
Colossians 歌罗西书 chapter 4,06/26/2017,9:30 PM,06/26/2017,10:15 PM,False
Philemon 腓利门书 chapter 1,06/27/2017,9:30 PM,06/27/2017,10:15 PM,False
Luke 路加福音 chapter 1,06/28/2017,9:30 PM,06/28/2017,10:15 PM,False
Luke 路加福音 chapter 2,06/29/2017,9:30 PM,06/29/2017,10:15 PM,False
Luke 路加福音 chapter 3,06/30/2017,9:30 PM,06/30/2017,10:15 PM,False
Bible study reflection,07/01/2017,9:30 PM,07/01/2017,10:15 PM,False
Bible study reflection,07/02/2017,9:30 PM,07/02/2017,10:15 PM,False
Luke 路加福音 chapter 4,07/03/2017,9:30 PM,07/03/2017,10:15 PM,False
Luke 路加福音 chapter 5,07/04/2017,9:30 PM,07/04/2017,10:15 PM,False
Luke 路加福音 chapter 6,07/05/2017,9:30 PM,07/05/2017,10:15 PM,False
Luke 路加福音 chapter 7,07/06/2017,9:30 PM,07/06/2017,10:15 PM,False
Luke 路加福音 chapter 8,07/07/2017,9:30 PM,07/07/2017,10:15 PM,False
Bible study reflection,07/08/2017,9:30 PM,07/08/2017,10:15 PM,False
Bible study reflection,07/09/2017,9:30 PM,07/09/2017,10:15 PM,False
Luke 路加福音 chapter 9,07/10/2017,9:30 PM,07/10/2017,10:15 PM,False
Luke 路加福音 chapter 10,07/11/2017,9:30 PM,07/11/2017,10:15 PM,False
Luke 路加福音 chapter 11,07/12/2017,9:30 PM,07/12/2017,10:15 PM,False
Luke 路加福音 chapter 12,07/13/2017,9:30 PM,07/13/2017,10:15 PM,False
Luke 路加福音 chapter 13,07/14/2017,9:30 PM,07/14/2017,10:15 PM,False
Bible study reflection,07/15/2017,9:30 PM,07/15/2017,10:15 PM,False
Bible study reflection,07/16/2017,9:30 PM,07/16/2017,10:15 PM,False
Luke 路加福音 chapter 14,07/17/2017,9:30 PM,07/17/2017,10:15 PM,False
Luke 路加福音 chapter 15,07/18/2017,9:30 PM,07/18/2017,10:15 PM,False
Luke 路加福音 chapter 16,07/19/2017,9:30 PM,07/19/2017,10:15 PM,False
Luke 路加福音 chapter 17,07/20/2017,9:30 PM,07/20/2017,10:15 PM,False
Luke 路加福音 chapter 18,07/21/2017,9:30 PM,07/21/2017,10:15 PM,False
Bible study reflection,07/22/2017,9:30 PM,07/22/2017,10:15 PM,False
Bible study reflection,07/23/2017,9:30 PM,07/23/2017,10:15 PM,False
Luke 路加福音 chapter 19,07/24/2017,9:30 PM,07/24/2017,10:15 PM,False
Luke 路加福音 chapter 20,07/25/2017,9:30 PM,07/25/2017,10:15 PM,False
Luke 路加福音 chapter 21,07/26/2017,9:30 PM,07/26/2017,10:15 PM,False
Luke 路加福音 chapter 22,07/27/2017,9:30 PM,07/27/2017,10:15 PM,False
Luke 路加福音 chapter 23,07/28/2017,9:30 PM,07/28/2017,10:15 PM,False
Bible study reflection,07/29/2017,9:30 PM,07/29/2017,10:15 PM,False
Bible study reflection,07/30/2017,9:30 PM,07/30/2017,10:15 PM,False
Luke 路加福音 chapter 24,07/31/2017,9:30 PM,07/31/2017,10:15 PM,False
1 Corinthians 哥林多前书 chapter 1,08/01/2017,9:30 PM,08/01/2017,10:15 PM,False
1 Corinthians 哥林多前书 chapter 2,08/02/2017,9:30 PM,08/02/2017,10:15 PM,False
1 Corinthians 哥林多前书 chapter 3,08/03/2017,9:30 PM,08/03/2017,10:15 PM,False
1 Corinthians 哥林多前书 chapter 4,08/04/2017,9:30 PM,08/04/2017,10:15 PM,False
Bible study reflection,08/05/2017,9:30 PM,08/05/2017,10:15 PM,False
Bible study reflection,08/06/2017,9:30 PM,08/06/2017,10:15 PM,False
1 Corinthians 哥林多前书 chapter 5,08/07/2017,9:30 PM,08/07/2017,10:15 PM,False
1 Corinthians 哥林多前书 chapter 6,08/08/2017,9:30 PM,08/08/2017,10:15 PM,False
1 Corinthians 哥林多前书 chapter 7,08/09/2017,9:30 PM,08/09/2017,10:15 PM,False
1 Corinthians 哥林多前书 chapter 8,08/10/2017,9:30 PM,08/10/2017,10:15 PM,False
1 Corinthians 哥林多前书 chapter 9,08/11/2017,9:30 PM,08/11/2017,10:15 PM,False
Bible study reflection,08/12/2017,9:30 PM,08/12/2017,10:15 PM,False
Bible study reflection,08/13/2017,9:30 PM,08/13/2017,10:15 PM,False
1 Corinthians 哥林多前书 chapter 10,08/14/2017,9:30 PM,08/14/2017,10:15 PM,False
1 Corinthians 哥林多前书 chapter 11,08/15/2017,9:30 PM,08/15/2017,10:15 PM,False
1 Corinthians 哥林多前书 chapter 12,08/16/2017,9:30 PM,08/16/2017,10:15 PM,False
1 Corinthians 哥林多前书 chapter 13,08/17/2017,9:30 PM,08/17/2017,10:15 PM,False
1 Corinthians 哥林多前书 chapter 14,08/18/2017,9:30 PM,08/18/2017,10:15 PM,False
Bible study reflection,08/19/2017,9:30 PM,08/19/2017,10:15 PM,False
Bible study reflection,08/20/2017,9:30 PM,08/20/2017,10:15 PM,False
1 Corinthians 哥林多前书 chapter 15,08/21/2017,9:30 PM,08/21/2017,10:15 PM,False
1 Corinthians 哥林多前书 chapter 16,08/22/2017,9:30 PM,08/22/2017,10:15 PM,False
2 Corinthians 哥林多后书 chapter 1,08/23/2017,9:30 PM,08/23/2017,10:15 PM,False
2 Corinthians 哥林多后书 chapter 2,08/24/2017,9:30 PM,08/24/2017,10:15 PM,False
2 Corinthians 哥林多后书 chapter 3,08/25/2017,9:30 PM,08/25/2017,10:15 PM,False
Bible study reflection,08/26/2017,9:30 PM,08/26/2017,10:15 PM,False
Bible study reflection,08/27/2017,9:30 PM,08/27/2017,10:15 PM,False
2 Corinthians 哥林多后书 chapter 4,08/28/2017,9:30 PM,08/28/2017,10:15 PM,False
2 Corinthians 哥林多后书 chapter 5,08/29/2017,9:30 PM,08/29/2017,10:15 PM,False
2 Corinthians 哥林多后书 chapter 6,08/30/2017,9:30 PM,08/30/2017,10:15 PM,False
2 Corinthians 哥林多后书 chapter 7,08/31/2017,9:30 PM,08/31/2017,10:15 PM,False
2 Corinthians 哥林多后书 chapter 8,09/01/2017,9:30 PM,09/01/2017,10:15 PM,False
Bible study reflection,09/02/2017,9:30 PM,09/02/2017,10:15 PM,False
Bible study reflection,09/03/2017,9:30 PM,09/03/2017,10:15 PM,False
2 Corinthians 哥林多后书 chapter 9,09/04/2017,9:30 PM,09/04/2017,10:15 PM,False
2 Corinthians 哥林多后书 chapter 10,09/05/2017,9:30 PM,09/05/2017,10:15 PM,False
2 Corinthians 哥林多后书 chapter 11,09/06/2017,9:30 PM,09/06/2017,10:15 PM,False
2 Corinthians 哥林多后书 chapter 12,09/07/2017,9:30 PM,09/07/2017,10:15 PM,False
2 Corinthians 哥林多后书 chapter 13,09/08/2017,9:30 PM,09/08/2017,10:15 PM,False
Bible study reflection,09/09/2017,9:30 PM,09/09/2017,10:15 PM,False
Bible study reflection,09/10/2017,9:30 PM,09/10/2017,10:15 PM,False
1 Timothy 提摩太前书 chapter 1,09/11/2017,9:30 PM,09/11/2017,10:15 PM,False
1 Timothy 提摩太前书 chapter 2,09/12/2017,9:30 PM,09/12/2017,10:15 PM,False
1 Timothy 提摩太前书 chapter 3,09/13/2017,9:30 PM,09/13/2017,10:15 PM,False
1 Timothy 提摩太前书 chapter 4,09/14/2017,9:30 PM,09/14/2017,10:15 PM,False
1 Timothy 提摩太前书 chapter 5,09/15/2017,9:30 PM,09/15/2017,10:15 PM,False
Bible study reflection,09/16/2017,9:30 PM,09/16/2017,10:15 PM,False
Bible study reflection,09/17/2017,9:30 PM,09/17/2017,10:15 PM,False
1 Timothy 提摩太前书 chapter 6,09/18/2017,9:30 PM,09/18/2017,10:15 PM,False
2 Timothy 提摩台后书 chapter 1,09/19/2017,9:30 PM,09/19/2017,10:15 PM,False
2 Timothy 提摩台后书 chapter 2,09/20/2017,9:30 PM,09/20/2017,10:15 PM,False
2 Timothy 提摩台后书 chapter 3,09/21/2017,9:30 PM,09/21/2017,10:15 PM,False
2 Timothy 提摩台后书 chapter 4,09/22/2017,9:30 PM,09/22/2017,10:15 PM,False
Bible study reflection,09/23/2017,9:30 PM,09/23/2017,10:15 PM,False
Bible study reflection,09/24/2017,9:30 PM,09/24/2017,10:15 PM,False
Titus 提多书 chapter 1,09/25/2017,9:30 PM,09/25/2017,10:15 PM,False
Titus 提多书 chapter 2,09/26/2017,9:30 PM,09/26/2017,10:15 PM,False
Titus 提多书 chapter 3,09/27/2017,9:30 PM,09/27/2017,10:15 PM,False
1 John 约翰一书 chapter 1,09/28/2017,9:30 PM,09/28/2017,10:15 PM,False
1 John 约翰一书 chapter 2,09/29/2017,9:30 PM,09/29/2017,10:15 PM,False
Bible study reflection,09/30/2017,9:30 PM,09/30/2017,10:15 PM,False
Bible study reflection,10/01/2017,9:30 PM,10/01/2017,10:15 PM,False
1 John 约翰一书 chapter 3,10/02/2017,9:30 PM,10/02/2017,10:15 PM,False
1 John 约翰一书 chapter 4,10/03/2017,9:30 PM,10/03/2017,10:15 PM,False
1 John 约翰一书 chapter 5,10/04/2017,9:30 PM,10/04/2017,10:15 PM,False
2 John 约翰二书 chapter 1,10/05/2017,9:30 PM,10/05/2017,10:15 PM,False
3 John 约翰散书 chapter 1,10/06/2017,9:30 PM,10/06/2017,10:15 PM,False
Bible study reflection,10/07/2017,9:30 PM,10/07/2017,10:15 PM,False
Bible study reflection,10/08/2017,9:30 PM,10/08/2017,10:15 PM,False
1 Peter 彼得前书 chapter 1,10/09/2017,9:30 PM,10/09/2017,10:15 PM,False
1 Peter 彼得前书 chapter 2,10/10/2017,9:30 PM,10/10/2017,10:15 PM,False
1 Peter 彼得前书 chapter 3,10/11/2017,9:30 PM,10/11/2017,10:15 PM,False
1 Peter 彼得前书 chapter 4,10/12/2017,9:30 PM,10/12/2017,10:15 PM,False
1 Peter 彼得前书 chapter 5,10/13/2017,9:30 PM,10/13/2017,10:15 PM,False
Bible study reflection,10/14/2017,9:30 PM,10/14/2017,10:15 PM,False
Bible study reflection,10/15/2017,9:30 PM,10/15/2017,10:15 PM,False
John 约翰福音 chapter 1,10/16/2017,9:30 PM,10/16/2017,10:15 PM,False
John 约翰福音 chapter 2,10/17/2017,9:30 PM,10/17/2017,10:15 PM,False
John 约翰福音 chapter 3,10/18/2017,9:30 PM,10/18/2017,10:15 PM,False
John 约翰福音 chapter 4,10/19/2017,9:30 PM,10/19/2017,10:15 PM,False
John 约翰福音 chapter 5,10/20/2017,9:30 PM,10/20/2017,10:15 PM,False
Bible study reflection,10/21/2017,9:30 PM,10/21/2017,10:15 PM,False
Bible study reflection,10/22/2017,9:30 PM,10/22/2017,10:15 PM,False
John 约翰福音 chapter 6,10/23/2017,9:30 PM,10/23/2017,10:15 PM,False
John 约翰福音 chapter 7,10/24/2017,9:30 PM,10/24/2017,10:15 PM,False
John 约翰福音 chapter 8,10/25/2017,9:30 PM,10/25/2017,10:15 PM,False
John 约翰福音 chapter 9,10/26/2017,9:30 PM,10/26/2017,10:15 PM,False
John 约翰福音 chapter 10,10/27/2017,9:30 PM,10/27/2017,10:15 PM,False
Bible study reflection,10/28/2017,9:30 PM,10/28/2017,10:15 PM,False
Bible study reflection,10/29/2017,9:30 PM,10/29/2017,10:15 PM,False
John 约翰福音 chapter 11,10/30/2017,9:30 PM,10/30/2017,10:15 PM,False
John 约翰福音 chapter 12,10/31/2017,9:30 PM,10/31/2017,10:15 PM,False
John 约翰福音 chapter 13,11/01/2017,9:30 PM,11/01/2017,10:15 PM,False
John 约翰福音 chapter 14,11/02/2017,9:30 PM,11/02/2017,10:15 PM,False
John 约翰福音 chapter 15,11/03/2017,9:30 PM,11/03/2017,10:15 PM,False
Bible study reflection,11/04/2017,9:30 PM,11/04/2017,10:15 PM,False
Bible study reflection,11/05/2017,9:30 PM,11/05/2017,10:15 PM,False
John 约翰福音 chapter 16,11/06/2017,9:30 PM,11/06/2017,10:15 PM,False
John 约翰福音 chapter 17,11/07/2017,9:30 PM,11/07/2017,10:15 PM,False
John 约翰福音 chapter 18,11/08/2017,9:30 PM,11/08/2017,10:15 PM,False
John 约翰福音 chapter 19,11/09/2017,9:30 PM,11/09/2017,10:15 PM,False
John 约翰福音 chapter 20,11/10/2017,9:30 PM,11/10/2017,10:15 PM,False
Bible study reflection,11/11/2017,9:30 PM,11/11/2017,10:15 PM,False
Bible study reflection,11/12/2017,9:30 PM,11/12/2017,10:15 PM,False
John 约翰福音 chapter 21,11/13/2017,9:30 PM,11/13/2017,10:15 PM,False
1 Thessalonians 帖撒罗尼迦前书 chapter 1,11/14/2017,9:30 PM,11/14/2017,10:15 PM,False
1 Thessalonians 帖撒罗尼迦前书 chapter 2,11/15/2017,9:30 PM,11/15/2017,10:15 PM,False
1 Thessalonians 帖撒罗尼迦前书 chapter 3,11/16/2017,9:30 PM,11/16/2017,10:15 PM,False
1 Thessalonians 帖撒罗尼迦前书 chapter 4,11/17/2017,9:30 PM,11/17/2017,10:15 PM,False
Bible study reflection,11/18/2017,9:30 PM,11/18/2017,10:15 PM,False
Bible study reflection,11/19/2017,9:30 PM,11/19/2017,10:15 PM,False
1 Thessalonians 帖撒罗尼迦前书 chapter 5,11/20/2017,9:30 PM,11/20/2017,10:15 PM,False
2 Thessalonians 帖撒罗尼迦后书 chapter 1,11/21/2017,9:30 PM,11/21/2017,10:15 PM,False
2 Thessalonians 帖撒罗尼迦后书 chapter 2,11/22/2017,9:30 PM,11/22/2017,10:15 PM,False
2 Thessalonians 帖撒罗尼迦后书 chapter 3,11/23/2017,9:30 PM,11/23/2017,10:15 PM,False
2 Peter 彼得后书 chapter 1,11/24/2017,9:30 PM,11/24/2017,10:15 PM,False
Bible study reflection,11/25/2017,9:30 PM,11/25/2017,10:15 PM,False
Bible study reflection,11/26/2017,9:30 PM,11/26/2017,10:15 PM,False
2 Peter 彼得后书 chapter 2,11/27/2017,9:30 PM,11/27/2017,10:15 PM,False
2 Peter 彼得后书 chapter 3,11/28/2017,9:30 PM,11/28/2017,10:15 PM,False
Jude 犹大书 chapter 1,11/29/2017,9:30 PM,11/29/2017,10:15 PM,False
Revelation 启示录 chapter 1,11/30/2017,9:30 PM,11/30/2017,10:15 PM,False
Revelation 启示录 chapter 2,12/01/2017,9:30 PM,12/01/2017,10:15 PM,False
Bible study reflection,12/02/2017,9:30 PM,12/02/2017,10:15 PM,False
Bible study reflection,12/03/2017,9:30 PM,12/03/2017,10:15 PM,False
Revelation 启示录 chapter 3,12/04/2017,9:30 PM,12/04/2017,10:15 PM,False
Revelation 启示录 chapter 4,12/05/2017,9:30 PM,12/05/2017,10:15 PM,False
Revelation 启示录 chapter 5,12/06/2017,9:30 PM,12/06/2017,10:15 PM,False
Revelation 启示录 chapter 6,12/07/2017,9:30 PM,12/07/2017,10:15 PM,False
Revelation 启示录 chapter 7,12/08/2017,9:30 PM,12/08/2017,10:15 PM,False
Bible study reflection,12/09/2017,9:30 PM,12/09/2017,10:15 PM,False
Bible study reflection,12/10/2017,9:30 PM,12/10/2017,10:15 PM,False
Revelation 启示录 chapter 8,12/11/2017,9:30 PM,12/11/2017,10:15 PM,False
Revelation 启示录 chapter 9,12/12/2017,9:30 PM,12/12/2017,10:15 PM,False
Revelation 启示录 chapter 10,12/13/2017,9:30 PM,12/13/2017,10:15 PM,False
Revelation 启示录 chapter 11,12/14/2017,9:30 PM,12/14/2017,10:15 PM,False
Revelation 启示录 chapter 12,12/15/2017,9:30 PM,12/15/2017,10:15 PM,False
Bible study reflection,12/16/2017,9:30 PM,12/16/2017,10:15 PM,False
Bible study reflection,12/17/2017,9:30 PM,12/17/2017,10:15 PM,False
Revelation 启示录 chapter 13,12/18/2017,9:30 PM,12/18/2017,10:15 PM,False
Revelation 启示录 chapter 14,12/19/2017,9:30 PM,12/19/2017,10:15 PM,False
Revelation 启示录 chapter 15,12/20/2017,9:30 PM,12/20/2017,10:15 PM,False
Revelation 启示录 chapter 16,12/21/2017,9:30 PM,12/21/2017,10:15 PM,False
Revelation 启示录 chapter 17,12/22/2017,9:30 PM,12/22/2017,10:15 PM,False
Bible study reflection,12/23/2017,9:30 PM,12/23/2017,10:15 PM,False
Bible study reflection,12/24/2017,9:30 PM,12/24/2017,10:15 PM,False
Revelation 启示录 chapter 18,12/25/2017,9:30 PM,12/25/2017,10:15 PM,False
Revelation 启示录 chapter 19,12/26/2017,9:30 PM,12/26/2017,10:15 PM,False
Revelation 启示录 chapter 20,12/27/2017,9:30 PM,12/27/2017,10:15 PM,False
Revelation 启示录 chapter 21,12/28/2017,9:30 PM,12/28/2017,10:15 PM,False
Revelation 启示录 chapter 22,12/29/2017,9:30 PM,12/29/2017,10:15 PM,False
